{
    "rrc04": {
        "task_1a": 0.00029471500010913587,
        "task_1b": 6.891800012454041e-05,
        "task_1c": 6.062100010240101e-05,
        "task_2": 5.780100036645308e-05,
        "task_3": 2.515557431999696,
        "task_4": 5.5719660710001335
    },
    "rrc12": {
        "task_1a": 0.00018616800025483826,
        "task_1b": 5.4865000038262224e-05,
        "task_1c": 5.425099971034797e-05,
        "task_2": 4.294300015317276e-05,
        "task_3": 34.803355466000085,
        "task_4": 61.912148004999835
    }
}
