{
    "rrc04": 8.088005558000532,
    "rrc12": 96.71584169800008
}
